GRCodrington,Canada,England,7,8,1,0,87.5,59,9,71,1,0,7.888888888888889,Beausejour Stadium Gros Islet,0,1,2007,41
GRCodrington,Canada,Bermuda,7,15,1,0,46.666666666666664,59,9,37,4,0,4.111111111111111,Willowmoore Park,0,0,2006,114
GRCodrington,Canada,Bermuda,1,8,0,0,12.5,17,2,16,1,0,8.0,Gymkhana Club Ground,0,0,2007,20
GRCodrington,Canada,Netherlands,31,43,3,0,72.09302325581395,47,7,55,1,0,7.857142857142857,Willowmoore Park,0,1,2006,67
GRCodrington,Canada,Bermuda,10,28,1,0,35.714285714285715,59,9,38,0,0,4.222222222222222,Sedgars Park,0,0,2006,9
